date,time,timestamp,weight_kg,weight_lbs,ma_7d,ma_30d,change_prev_kg,change_from_start_kg,bmi,body_fat_pct,body_water_pct,muscle_mass_kg,bone_mass_kg,visceral_fat,metabolic_age,physique_rating,source
2026-09-01,07:53:00,2026-09-01T07:48:00,78.21,172.42,78.21,78.21,0.0,0.0,24.7,20.6,54.5,33.73,3.2,6.0,28,5,mock_generator
2026-09-02,07:46:00,2026-09-02T07:52:00,78.2,172.4,78.2,78.2,-0.01,-0.01,24.7,20.9,54.4,33.43,3.2,6.0,28,5,mock_generator
2026-09-03,07:51:00,2026-09-03T07:49:00,78.34,172.71,78.25,78.25,0.14,0.13,24.7,20.9,54.8,33.77,3.2,6.0,28,5,mock_generator
2026-09-04,07:56:00,2026-09-04T07:51:00,78.6,173.28,78.34,78.34,0.26,0.39,24.8,20.6,54.3,33.62,3.2,6.0,28,5,mock_generator
2026-09-05,07:56:00,2026-09-05T07:49:00,78.41,172.86,78.35,78.35,-0.19,0.2,24.7,21.0,54.5,33.78,3.2,6.0,28,5,mock_generator
2026-09-06,07:57:00,2026-09-06T07:59:00,78.39,172.82,78.36,78.36,-0.02,0.18,24.7,20.7,54.8,33.9,3.2,6.0,28,5,mock_generator
2026-09-07,07:45:00,2026-09-07T07:59:00,78.6,173.28,78.39,78.39,0.21,0.39,24.8,20.7,54.6,33.8,3.2,6.0,28,5,mock_generator
2026-09-08,07:55:00,2026-09-08T07:54:00,78.37,172.78,78.42,78.39,-0.23,0.16,24.7,21.1,54.4,33.66,3.2,6.0,28,5,mock_generator
2026-09-09,07:50:00,2026-09-09T07:50:00,78.29,172.6,78.43,78.38,-0.08,0.08,24.7,20.9,54.8,33.79,3.2,6.0,28,5,mock_generator
2026-09-10,07:57:00,2026-09-10T07:54:00,78.18,172.36,78.41,78.36,-0.11,-0.03,24.7,20.7,54.5,33.5,3.2,6.0,28,5,mock_generator
2026-09-11,07:51:00,2026-09-11T07:52:00,78.0,171.96,78.32,78.33,-0.18,-0.21,24.6,20.6,55.0,33.7,3.2,6.0,28,5,mock_generator
2026-09-12,07:48:00,2026-09-12T07:48:00,77.82,171.56,78.24,78.28,-0.18,-0.39,24.6,20.4,55.0,33.32,3.2,6.0,28,5,mock_generator
2026-09-13,07:58:00,2026-09-13T07:46:00,77.58,171.03,78.12,78.23,-0.24,-0.63,24.5,20.8,54.8,33.38,3.2,6.0,28,5,mock_generator
2026-09-14,07:50:00,2026-09-14T07:45:00,77.2,170.2,77.92,78.16,-0.38,-1.01,24.4,20.3,55.0,33.34,3.2,6.0,28,5,mock_generator
2026-09-15,07:55:00,2026-09-15T07:49:00,77.14,170.06,77.74,78.09,-0.06,-1.07,24.3,20.4,54.7,32.97,3.2,6.0,28,5,mock_generator
2026-09-16,07:53:00,2026-09-16T07:50:00,76.81,169.34,77.53,78.01,-0.33,-1.4,24.2,20.4,55.1,33.09,3.2,6.0,28,5,mock_generator
2026-09-17,07:55:00,2026-09-17T07:56:00,76.91,169.56,77.35,77.94,0.1,-1.3,24.3,20.2,55.3,32.92,3.2,6.0,28,5,mock_generator
2026-09-18,07:52:00,2026-09-18T07:51:00,76.71,169.12,77.17,77.88,-0.2,-1.5,24.2,20.5,54.5,33.02,3.2,6.0,28,5,mock_generator
2026-09-19,07:49:00,2026-09-19T07:48:00,76.83,169.38,77.03,77.82,0.12,-1.38,24.2,20.0,55.1,33.2,3.2,6.0,28,5,mock_generator
2026-09-20,07:55:00,2026-09-20T07:55:00,76.44,168.52,76.86,77.75,-0.39,-1.77,24.1,19.9,55.3,32.84,3.2,6.0,28,5,mock_generator
2026-09-21,07:54:00,2026-09-21T07:52:00,76.5,168.65,76.76,77.69,0.06,-1.71,24.1,20.1,55.3,33.08,3.2,6.0,28,5,mock_generator
2026-09-22,07:58:00,2026-09-22T07:58:00,76.55,168.76,76.68,77.64,0.05,-1.66,24.2,20.0,54.9,33.05,3.2,6.0,28,5,mock_generator
2026-09-23,07:45:00,2026-09-23T07:58:00,76.17,167.93,76.59,77.58,-0.38,-2.04,24.0,20.2,55.0,32.93,3.2,6.0,28,5,mock_generator
2026-09-24,07:54:00,2026-09-24T07:50:00,75.81,167.13,76.43,77.5,-0.36,-2.4,23.9,19.6,54.9,32.48,3.2,6.0,28,5,mock_generator
2026-09-25,07:46:00,2026-09-25T07:50:00,75.43,166.29,76.25,77.42,-0.38,-2.78,23.8,19.5,55.3,32.27,3.2,6.0,28,5,mock_generator
2026-09-26,07:51:00,2026-09-26T07:47:00,75.04,165.43,75.99,77.33,-0.39,-3.17,23.7,19.4,55.4,32.12,3.2,6.0,28,5,mock_generator
2026-09-27,07:47:00,2026-09-27T07:47:00,75.29,165.99,75.83,77.25,0.25,-2.92,23.8,19.3,55.7,32.53,3.2,6.0,28,5,mock_generator
2026-09-28,07:49:00,2026-09-28T07:53:00,75.34,166.1,75.66,77.18,0.05,-2.87,23.8,19.7,54.9,32.49,3.2,6.0,28,5,mock_generator
2026-09-29,07:45:00,2026-09-29T07:50:00,75.13,165.63,75.46,77.11,-0.21,-3.08,23.7,19.4,55.1,32.16,3.2,6.0,28,5,mock_generator
2026-09-30,07:45:00,2026-09-30T07:54:00,75.21,165.81,75.32,77.05,0.08,-3.0,23.7,19.7,55.1,32.48,3.2,6.0,28,5,mock_generator
2026-10-01,07:57:00,2026-10-01T07:58:00,75.28,165.96,75.25,76.95,0.07,-2.93,23.8,19.7,55.4,32.3,3.2,6.0,28,5,mock_generator
2026-10-02,07:47:00,2026-10-02T07:51:00,75.3,166.01,75.23,76.86,0.02,-2.91,23.8,19.4,55.0,32.4,3.2,6.0,28,5,mock_generator
2026-10-03,07:59:00,2026-10-03T07:58:00,75.34,166.1,75.27,76.76,0.04,-2.87,23.8,19.4,55.7,32.52,3.2,6.0,28,5,mock_generator
2026-10-04,07:57:00,2026-10-04T07:59:00,75.33,166.07,75.28,76.65,-0.01,-2.88,23.8,19.4,55.1,32.33,3.2,6.0,28,5,mock_generator
2026-10-05,07:59:00,2026-10-05T07:56:00,75.19,165.77,75.25,76.54,-0.14,-3.02,23.7,19.5,55.4,32.43,3.2,6.0,28,5,mock_generator
2026-10-06,07:57:00,2026-10-06T07:50:00,75.04,165.43,75.24,76.43,-0.15,-3.17,23.7,19.5,55.3,32.13,3.2,6.0,28,5,mock_generator
